2025-12-31_08:10:18, ecs/web/43c751b437664b13b8a4f30ac3648c28
2025-12-31_07:29:50, ecs/web/4c9c48c7ce3945c4af29fbcd6a1dfbe4
2025-12-31_06:25:41, ecs/web/94e360aa120d417db6823015801fe1cb
2025-12-31_05:53:58, ecs/web/3e380a47b07948eb8fa998267dfba64a
2025-12-31_05:19:49, ecs/web/5a6df2e203734b52bc090098def36858
2025-12-31_04:15:26, ecs/web/e37d41e049f547ed919d64292b822025
2025-12-31_03:46:15, ecs/web/2413970260ca4c719565ea5b4f917421
2025-12-31_03:03:37, ecs/web/c94d88e71e41486496143d35470f4965
2025-12-31_02:30:11, ecs/web/d813ff0f752346f59c7952e154d7cd2a
2025-12-31_02:12:03, ecs/web/6b902069fd3b4d9c983cbb253b3790fb
2025-12-31_01:43:32, ecs/web/d15490070c924d54a2ce7b1b79807c78
2025-12-31_00:38:27, ecs/web/9c2ead3de493444b945aba32dede2d9c
2025-12-30_23:53:55, ecs/web/b3d8494bf8db43118f33cf43c592dbf9
2025-12-30_22:47:04, ecs/web/2c491f1c211941419d86922f0d52d929
2025-12-30_22:02:40, ecs/web/29708513c72d4176916bb58068249271
2025-12-30_21:34:13, ecs/web/3806073afdd54e0c87f849bedc54a9f2
2025-12-30_21:09:17, ecs/web/d395c8a2d52f471b96c4b137ff80248c
2025-12-30_20:26:43, ecs/web/11842c4c5a8e4318b72ba8827c58c37e
2025-12-30_20:03:06, ecs/web/4469c88d9c0b43f5b6d650eecbd6e719
2025-12-30_19:30:56, ecs/web/1568126cfac846e4bc07c59f8ac4de2a
2025-12-30_18:44:47, ecs/web/b3067f9a46dc479db4f9a6eaf7398564
2025-12-30_17:35:33, ecs/web/45f4d09deb6a47f8bde16eec1486944d
2025-12-30_16:31:45, ecs/web/e3813419bfc44a2aa967394699953bd3
2025-12-30_15:30:52, ecs/web/91bd0a20f63f4d85b1c33539aab145d5
2025-12-30_14:35:48, ecs/web/7d2f9e7025f7496a8bade48958b88f34
2025-12-30_13:53:39, ecs/web/5e57e6a0dc894b00baba76cbe57ed3b5
2025-12-30_13:26:05, ecs/web/2f455812e6814a12a45d59d3cf537d7c
2025-12-30_12:24:05, ecs/web/66c2567b86394005b041ab64c401a30c
2025-12-30_11:59:44, ecs/web/2f7d1287effe45ae957d4f9cc267b6bf
2025-12-30_11:37:44, ecs/web/c945e89f1a1e4430bb69c99e7aa207a1
2025-12-30_11:13:33, ecs/web/5608df1548024266bead80c381624d95
2025-12-30_10:41:43, ecs/web/09226f2232b540618adf38bf5965cc27
2025-12-30_10:12:17, ecs/web/4d4b40ebb3844b4ca9eaac090623fd5e
2025-12-30_09:46:47, ecs/web/de9526918e544df08ac2226d6d51c8e2
2025-12-30_08:47:24, ecs/web/4aacd7d03742466c8ec627c9d54733e3
2025-12-30_08:19:20, ecs/web/939ee1638eb546f385357c40434b75b2
2025-12-30_07:16:20, ecs/web/b74359e62c7a4f1d90a4ba1f9a5b28b8
2025-12-30_06:50:45, ecs/web/5a4352ef9004459f8a844625db715b90
2025-12-30_06:12:51, ecs/web/ebee3fc6cd7c4be081511f9a1e037255
2025-12-30_05:04:51, ecs/web/c74d292789614a899a6711701ed62c34
2025-12-30_04:25:22, ecs/web/86b6e2482bcf45f9b0f297af0e20b07e
2025-12-30_03:21:57, ecs/web/8469de3e0018497daa79d1eb29baf767
2025-12-30_02:22:32, ecs/web/8e73290e86864f6d84195287d7805843
2025-12-30_01:23:44, ecs/web/39973fe12d7b4ff4aef8cc990263758d
2025-12-30_00:39:09, ecs/web/67bf741c6d1a4c64b9f3d856d1c529af
2025-12-29_23:54:07, ecs/web/7c5d4ea328234c98b0726ac7e969d50e
2025-12-29_22:48:56, ecs/web/5c1dd8bd44ea41f08e9fafdf00261dd0
2025-12-29_22:24:19, ecs/web/330e8d59e94f40419d534b64a2e3ebb7
2025-12-29_21:56:50, ecs/web/ba8649b31ecb4d049ac6093e70a15d31
2025-12-29_21:08:14, ecs/web/3466cbabb30d4e6981a7d69dddb10178
2025-12-29_20:25:20, ecs/web/a3006df3556e49bfb041b58f13e4bc2a
2025-12-29_19:47:59, ecs/web/da8f69e282bb4b14b78e6ba3cc6cd71b
2025-12-29_19:21:46, ecs/web/bbe595be7f75441b8ab30fb017fcd916
2025-12-29_18:13:04, ecs/web/d5661e1a39c349d0a4c287d2fb944a78
2025-12-29_17:10:59, ecs/web/cf700ec516da44b0a99484fb8d7df574
2025-12-29_16:44:35, ecs/web/47ebf896eea94553af146e19bcf14be5
2025-12-29_15:37:51, ecs/web/0b80a93d417d4bc88035ff339227e67d
2025-12-29_15:04:26, ecs/web/fa394293c0844562976c0fbd3fc975d6
2025-12-29_14:22:29, ecs/web/f2fb9dea867b470799281a1d836cfbb8
2025-12-29_13:16:23, ecs/web/1140a4db479b4d318a9f564c3e33b7b2
2025-12-29_12:26:24, ecs/web/e681478ad7864f4bb2d2acc63396de27
2025-12-29_11:53:33, ecs/web/e2c3cd05235243a997ffe03cb57337dd
2025-12-29_11:08:09, ecs/web/d1d358621fbe46fbae2ef2a589f1f967
2025-12-29_10:04:01, ecs/web/56680392e7a94f77a4c2cbb308d30667
2025-12-29_09:16:54, ecs/web/40aac8ea50db479aad3d97017a595b8f
2025-12-29_08:32:29, ecs/web/6f2a748a667149f192fb5e09b81f3956
2025-12-29_08:08:36, ecs/web/049a26a2596546398ad5a4a775d6d817
2025-12-29_06:58:30, ecs/web/3e0476873aa748ce883b3eb0b8044c97
2025-12-29_05:57:45, ecs/web/72b0c7bfa29e4bce82e43fb8199c5280
2025-12-29_05:22:47, ecs/web/7ce8061a05af4a24887007763e9a7fb9
2025-12-29_04:19:05, ecs/web/6eebb6dba2a6446389e3e39b11ecfa4b
2025-12-29_03:50:32, ecs/web/ab3cb5821a384c76b50e2eda6aeeca70
2025-12-29_03:02:20, ecs/web/9d5e0584e7684ec2b24faf4344d551bb
2025-12-29_02:29:11, ecs/web/3435b6f5432c4f9886ccc3ca6117fbf0
2025-12-29_01:21:32, ecs/web/46b42d0206164046972f039e7d6410e6
2025-12-29_00:38:23, ecs/web/99208bcfd4fe48f7b65a6362eb8c4a68
2025-12-28_23:30:26, ecs/web/55ee95fce6f44374bea8b2201370e40a
2025-12-28_22:28:39, ecs/web/08bc1d0f3fe4478cb354ec73432281a3
2025-12-28_22:04:51, ecs/web/1050468e81474890b2a8678c3e6ce819
2025-12-28_21:39:23, ecs/web/74bc72f9f1b54381817d13f11975853a
2025-12-28_20:33:36, ecs/web/eae11126b1024fceb587d1c30235548f
2025-12-28_19:50:36, ecs/web/cd38d0dc23f649e9a1150a8e2726eea4
2025-12-28_19:22:46, ecs/web/66170927c4f54b05929f5f93411f6fc7
2025-12-28_18:17:51, ecs/web/9c38f5f61b66488e87905f3478be4aa3
2025-12-28_17:47:41, ecs/web/b0da6006a7ff48e28e3ab355930f7410
2025-12-28_17:07:58, ecs/web/d8ed70ef8f3c4154b8b58b75ae1eafe6
2025-12-28_16:32:21, ecs/web/b92b824b4b4a4b8ca5b09ee07fb69e15
2025-12-28_15:55:38, ecs/web/27aa8a862400404297258f99e9277db9
2025-12-28_15:09:11, ecs/web/f0ca5c10623f4e32b01715de72bff0ff
2025-12-28_14:43:37, ecs/web/bb4384f1a11a4b4a9269cec3c5cb0c12
2025-12-28_13:42:26, ecs/web/3fdb33782f1647a8925d52a1a1d29f87
2025-12-28_13:16:37, ecs/web/f877039772e5469ba145e4aa27a0a3f5
2025-12-28_12:21:48, ecs/web/fad9218216d7484695a4ffb829aef5fc
2025-12-28_11:45:34, ecs/web/2018fe8f3616492188ee7ea5559f4fd9
2025-12-28_11:16:50, ecs/web/5b3571d34294463098ec557cef677879
2025-12-28_10:36:37, ecs/web/280e243daca4434cbd8f518eb74fdac7
2025-12-28_10:06:31, ecs/web/0804f460b64b4ff8a42ec1dcc77ffdd4
2025-12-28_09:38:13, ecs/web/77421f8eaf6c498f999cb4dc708d7c84
2025-12-28_09:11:59, ecs/web/1fafb271d6ba45ac8c2cd9b882da3985
2025-12-28_08:14:51, ecs/web/aea1e94db40e4eeb8014dcc47fc21ebf
2025-12-28_07:36:42, ecs/web/aea1b0f5b4504db9a2d3291d764f7d56
2025-12-28_06:34:06, ecs/web/ca97d379678b45179c230d4d2ec803d3
2025-12-28_06:07:22, ecs/web/fd560c4d97704945bfaf9f34432976c4
2025-12-28_05:29:27, ecs/web/ed2399c5a1cb475c8eb33aae571621ee
2025-12-28_05:04:23, ecs/web/355cf2b36b154a568655cb6c1a4bec04
2025-12-28_04:37:59, ecs/web/6e77132a72444973b0cfe91f8fca3a1e
2025-12-28_03:54:46, ecs/web/2d7f2e37a56e4bf38ccf472cc0624790
2025-12-28_03:26:33, ecs/web/3c32fd23725444f3ae1ac3ca0e1f929e
2025-12-28_02:55:22, ecs/web/5cae92b9a1de421996f34ea3e6b65d88
2025-12-28_02:32:11, ecs/web/db32ed774ed2466bbe6db1e8f1a56697
2025-12-28_02:00:05, ecs/web/fba808b8493d42e0b390bdc8b241ebc5
2025-12-28_01:17:06, ecs/web/b76c6f11af9b4f759909892969af20b8
2025-12-28_00:42:49, ecs/web/ff7212b2caeb4543a5ffa9f0cb16451e
2025-12-27_23:35:55, ecs/web/c8d8812a0fb542a4ae2598eb1ab5dd81
2025-12-27_22:44:37, ecs/web/158739c90d874915a880aebf7668a15e
2025-12-27_21:41:10, ecs/web/052f0332b99648f995a3a67c8d2c9ab9
2025-12-27_20:57:26, ecs/web/9ea8250a771e4ca1905174d00d6116d0
2025-12-27_19:57:49, ecs/web/883a55d381cc4717bf1ee0c5e8f88399
2025-12-27_19:23:52, ecs/web/2cbd55403c73410ea74a936bf782f77b
2025-12-27_19:00:47, ecs/web/957e29c7576f4d40bfcbe4a8f356e7e5
2025-12-27_18:29:04, ecs/web/108f282d3bc54866bf413a53dac20fd1
2025-12-27_17:38:58, ecs/web/48552f4fc835445ca186c070806069fe
2025-12-27_16:59:41, ecs/web/c78a2410cea64c96b9e9d45f24c5ce4b
2025-12-27_16:35:12, ecs/web/f2883d810c324736a9575d6f61ba0fd0
2025-12-27_15:29:03, ecs/web/adf21d6ab71a4038925a4fe70fa0bc84
2025-12-27_15:08:13, ecs/web/bdf2e94a858d41edb63b75280d83b0e8
2025-12-27_14:11:04, ecs/web/25c9fde529ba4f2789e06ac642b1bd91
2025-12-27_13:10:19, ecs/web/0cde2047924f4bb4995d73aaa90f4dec
2025-12-27_12:37:16, ecs/web/3488f7cacbc74b0cbda14461d531b7eb
2025-12-27_11:48:50, ecs/web/3ab5a5957a9749559bfe56883f8d87cc
2025-12-27_10:56:07, ecs/web/70359ef5d62649d4afb645b8aae38c71
2025-12-27_10:27:54, ecs/web/132fe9f30e0e4b379dda1caafd465a26
2025-12-27_10:01:50, ecs/web/56e337d579d6410ab6a939bf89a932d6
2025-12-27_09:36:40, ecs/web/30468e287a2c4972857b185fd500f4e5
2025-12-27_08:48:53, ecs/web/167536006ecd4246969b1d52a6b284f6
2025-12-27_08:22:28, ecs/web/b5867a2a3f364b30ab9f96ecf8bc7ac0
2025-12-27_07:55:44, ecs/web/103690438ba345c99ed46876679d480b
2025-12-27_07:17:46, ecs/web/b92f8b644fb2494999f604dc958e5eb9
2025-12-27_06:50:57, ecs/web/542a395c1d0048cda2f0a7af8c8e983b
2025-12-27_06:30:08, ecs/web/74073f607b9a4c1980a88aa75a749047
2025-12-27_05:28:23, ecs/web/2c07051c6b3a4472bc67a1cd4abcf6f5
2025-12-27_04:44:23, ecs/web/7ee85cdedebb4244a943ecdd2efcb3a8
2025-12-27_03:50:45, ecs/web/c3ddf94617a641e5bd5efe12ddf09837
2025-12-27_02:49:41, ecs/web/68fa105d994d4fa9afef959a6d44b0da
2025-12-27_01:47:22, ecs/web/8db14c7a1b4b4391b2e250e0ea26300c
2025-12-27_00:37:34, ecs/web/5057fc35f6d24e11aa1ccea40e03e066
2025-12-26_23:44:11, ecs/web/8e3ac0cb0df849d1afd1926ce9a39c20
2025-12-26_23:22:19, ecs/web/8654fb10905a4f4b942a52ba02da2acf
2025-12-26_22:19:24, ecs/web/cc228e240feb4f4c97c9bb295a3bc5e1
2025-12-26_21:56:53, ecs/web/b7d934922ed44b1ea8fbe4762803a5c2
2025-12-26_20:54:40, ecs/web/788c49861ceb4f22b985b7bac5d36ea8
2025-12-26_19:53:12, ecs/web/e75844375b1e4527a4f8d764dbc52ba3
2025-12-26_18:47:00, ecs/web/4ae1b3dac506427db32fd84881e71afc
2025-12-26_18:03:51, ecs/web/8ff1610d617541f4a3a78d6f3d151aa5
2025-12-26_17:35:28, ecs/web/f7d76051a16048519bc72807ef9e87cf
2025-12-26_17:08:27, ecs/web/4627ee9e95d54fd8b6712af88eafa731
2025-12-26_16:08:40, ecs/web/86957247b2794b438b70bd39828b548c
2025-12-26_15:13:28, ecs/web/def329bab97e46c8a93c0b4a13db08f9
2025-12-26_14:31:53, ecs/web/6402452339e8418c9efbfdd545ff90e1
2025-12-26_13:32:05, ecs/web/165575ed120f489db9cb30d55c02024c
2025-12-26_13:04:34, ecs/web/a0781c8cc1724a6b8ebd4904bd99ca6e
2025-12-26_12:26:43, ecs/web/4f9b5a096c9f4be5a7160671a646797e
2025-12-26_11:44:18, ecs/web/d5a10db9b0f84d1da0e5774efa5009dd
2025-12-26_11:20:11, ecs/web/734dc75d5e224b2984efa4eb4f2e2cab
2025-12-26_10:39:42, ecs/web/55476141430443a6a70e6be5bc7592a7
2025-12-26_09:59:38, ecs/web/ea6de5a2f55647dfb74334b974847142
2025-12-26_08:54:40, ecs/web/f7724de8dd034784aa6054bedeb0d0f8
2025-12-26_07:50:24, ecs/web/88a6d4729d1b4035ac4c876c886f2347
2025-12-26_06:47:51, ecs/web/87cd3b98b2174f769b63bb6d5b30d773
2025-12-26_05:57:56, ecs/web/29bd4503dd0d41b5b4b32504d4cf9376
2025-12-26_05:16:10, ecs/web/daf1b8485e7a4c3d83e2f04b36944031
2025-12-26_04:40:25, ecs/web/50331dbaad2d45a49eaa59d7c1fa37d5
2025-12-26_04:16:15, ecs/web/5390f9d252594d309f466845a54241e8
2025-12-26_03:48:52, ecs/web/ea4200c5384b4ce3a096881d41dfc6de
2025-12-26_03:20:29, ecs/web/fb2f65dc6b974feea4d6cc4527f6b1bb
2025-12-26_02:50:52, ecs/web/5b1c9c45839542d8bedce03d78f20dd0
2025-12-26_02:28:37, ecs/web/ef20003ff49a48a8bac2d816bdc8aadc
2025-12-26_01:44:15, ecs/web/2fc81f579e4a412a9737553b3c4e5574
2025-12-26_00:42:38, ecs/web/0053a0bdf69548e589dedf1e3dd453dd
2025-12-26_00:03:31, ecs/web/79dc840dc9224c71ae8f2faadcebf0f9
2025-12-25_23:00:30, ecs/web/e50c4061481349c8b3ae2081c89278a9
2025-12-25_22:12:04, ecs/web/7a6cac9cf0dc4aa9948af9247ee1ada4
2025-12-25_21:17:47, ecs/web/d69f402e62844ea2ab77c0095edc3623
2025-12-25_20:18:58, ecs/web/d3b78483a4dc408e8a46b093b5e95dfc
2025-12-25_19:40:29, ecs/web/0323bd946aac4ebea8496b0e578f34e5
2025-12-25_19:12:31, ecs/web/0ee9b2e9f7c0405cbf618311cf7b1bea
2025-12-25_18:26:38, ecs/web/2b2e3af7fbf9473781de34151ec25050
2025-12-25_17:28:20, ecs/web/b89a056d38684a76a72920c130de76ac
2025-12-25_16:59:29, ecs/web/1235fe897b9045af959acbef50d8ada2
2025-12-25_16:11:48, ecs/web/cccde282aee34e36a3951444102b07f1
2025-12-25_15:30:45, ecs/web/6d1022811c1f447ca3706c03e42c7955
2025-12-25_14:51:27, ecs/web/c37c2ad3e7a54ae7ae7886b8f30cbf52
2025-12-25_13:46:31, ecs/web/d92cb71c4e3349738d2e3be3d52a87e9
2025-12-25_13:15:34, ecs/web/b7dd2a1897734f49a08613d44033a96d
2025-12-25_12:16:15, ecs/web/2510496f7edb4ba585afd2f5c5eddf94
2025-12-25_11:48:16, ecs/web/1bbba518fc5b480598189a0b8dc79c89
2025-12-25_11:16:26, ecs/web/47e25ea98d52472898d6280bd8ea5621
2025-12-25_10:15:11, ecs/web/dfc1dd04332941d3b1bbd580465f068b
2025-12-25_09:34:52, ecs/web/75b37eca316e4bc6a6f48f1f5065b964
2025-12-25_08:32:24, ecs/web/f8488ad0b75247b1af6d8e3ae360768c
2025-12-25_07:56:35, ecs/web/1d58bcfb6f644516b866e1ba606df344
2025-12-25_06:51:47, ecs/web/88ebb2e8adc748eb999d2a288a6ef5e0
2025-12-25_06:29:35, ecs/web/d15de193b09e44bf92f0fac426b1d316
2025-12-25_05:28:53, ecs/web/4760d646201f42759f4a5021d5111389
2025-12-25_04:38:30, ecs/web/ecde77c827eb4c078e39a0a689b2ee8e
2025-12-25_03:45:05, ecs/web/9f9377fdb6194ebe8fdd6f31c2f91ec3
2025-12-25_03:25:25, ecs/web/f4e00cf74fc4424dadc437fc53251b90
2025-12-25_02:59:25, ecs/web/e4a078c0d932489cb9ab1effc9cc6e74
2025-12-25_01:58:13, ecs/web/84ed9049c212496dbbe45443839859db
2025-12-25_01:14:46, ecs/web/2924a142b8be4f74a384ed9a93a9d03e
2025-12-25_00:28:57, ecs/web/de019d664a0242a886dc14cb5c4c695b
2025-12-25_00:02:52, ecs/web/36dfe2e307cc4ec392351b7c43480f2d
2025-12-24_23:54:55, ecs/web/75b05debd2e44993bb47e375dd3f5d53
2025-12-24_23:06:08, ecs/web/0a8f1233e0684822aec09298f75ef96a
2025-12-24_22:02:37, ecs/web/a4e00db0f59c42b5ad25b78047b023bb
2025-12-24_21:38:10, ecs/web/5abdf3f4299941729dbe3dc05a8bbcdf
2025-12-24_20:33:28, ecs/web/dd42f8d4a93941cd991787dac04fce64
2025-12-24_19:42:06, ecs/web/5a7c92c2621f4c17bba38d540f1d244c
2025-12-24_19:18:43, ecs/web/d4ebf73c2a524adfa23d731cef2c57e0
2025-12-24_18:24:31, ecs/web/5feca4716d85491e902cd920d4291a7b
2025-12-24_17:38:40, ecs/web/b97a06e859644f3cac723f4fef0eaec5
2025-12-24_17:12:43, ecs/web/c7cf119dd3cc44da9bd127db444c7610
2025-12-24_16:15:32, ecs/web/f6b07dafca9147c1b15e7aa32f9c6c16
2025-12-24_15:32:49, ecs/web/3d055f6a7f44442c9c97141799552434
2025-12-24_14:48:40, ecs/web/38ecb92cca194a0bb16140840f6f30f8
2025-12-24_13:57:08, ecs/web/4e6809eaad1b4125acacc8026472b6af
2025-12-24_13:17:23, ecs/web/3390725a0e1f4675b81b6f5d64a81e65
2025-12-24_12:31:23, ecs/web/34a3dac1f3974e39ae466b214fbab489
2025-12-24_11:27:19, ecs/web/c85e3295d79642049d965b7c22fb4141
2025-12-24_10:28:32, ecs/web/22b45d597a8044a5b05519e208c17dd4
2025-12-24_09:25:27, ecs/web/bf5063ddeb024baa81549231b0cce44f
2025-12-24_08:23:22, ecs/web/61437e780f50426c88472482fc5c0dfc
2025-12-24_07:46:23, ecs/web/7c26b1c25a7c45f4a50a1dd0ae98e6d6
2025-12-24_07:04:33, ecs/web/c335daaeddcd4df2800a42385f40a8a4
2025-12-24_05:57:27, ecs/web/021251131390478ebfbf142524cdecbc
2025-12-24_05:11:16, ecs/web/1704afa6adcc47a496597f6c6413ceab
2025-12-24_04:28:19, ecs/web/272426b070fb467a84f7f4d03d6aae59
2025-12-24_03:49:34, ecs/web/45e3c6417c1444e3a9f139084f3614fc
2025-12-24_03:22:17, ecs/web/2109acbe154a43419ef52cbc5e2e4ed6
2025-12-24_02:21:39, ecs/web/9e3f7eed3f5c45baa629526217045fbe
2025-12-24_01:45:51, ecs/web/ab26ef3fec394bf086c53e0378d64f96
2025-12-24_01:14:55, ecs/web/d55e27c40e7f4432b31bac6762d1ec4e
2025-12-24_00:51:19, ecs/web/2de4f16599804a488f6c3c542659a15c
2025-12-23_23:46:24, ecs/web/0004d98b2a4c446e989473adf2daeed8
2025-12-23_23:26:52, ecs/web/b90f7701191f4b92bc9419ec35f5116f
2025-12-23_23:04:39, ecs/web/872c5793c3af49ed918abd56e8fb5284
2025-12-23_22:23:50, ecs/web/fa21f44696d644bd86d098173f8385a5
2025-12-23_21:37:39, ecs/web/7a2f0c78de144116bbcbc81af0a321f7
2025-12-23_20:50:10, ecs/web/ccb7282e6a364e2cb6dae5ef72501471
2025-12-23_19:53:36, ecs/web/8e038b9065f14219a6dcc29a58cbfd48
2025-12-23_19:24:12, ecs/web/4514b9e0e54e4187be9a6b20683e36ac
2025-12-23_18:59:13, ecs/web/f69a0ed9f3a24b4482252b52bcbba5a8
2025-12-23_17:59:35, ecs/web/d8b608c125444d58a2253bfd4cfda943
2025-12-23_17:02:40, ecs/web/f33b931f1ae64beb944824b81fb15bd6
2025-12-23_16:14:18, ecs/web/2c2bbdbbd8414cd6ac8392797a50aa0a
2025-12-23_15:31:14, ecs/web/9a3805fe53bf4f929fc0c33ad5e10865
2025-12-23_14:23:52, ecs/web/c96c9af017574053af1d1f83c9d911ea
2025-12-23_13:46:09, ecs/web/922753253f4d4bcdb8b066ffa5359d96
2025-12-23_13:01:33, ecs/web/98de90c23290402492d9b0974ead0887
2025-12-23_12:11:26, ecs/web/c70bc1a77421456bbf292d8b7a2ddb32
2025-12-23_11:39:40, ecs/web/5c9df2c0006e49e8aa07c6cd0d8cb481
2025-12-23_11:08:46, ecs/web/8826315baff04eae92dc7dee493440f6
2025-12-23_10:30:29, ecs/web/7e98bcbf6a8a4ef388dd0067e3962a78
2025-12-23_09:50:01, ecs/web/0eb04ae48384492cb1cceea9915bb042
2025-12-23_09:31:12, ecs/web/930872b6987e4da4b4a6100e5a8e82ed
2025-12-23_08:58:54, ecs/web/73fd84521ef04add8d64de5e68702eb2
2025-12-23_08:17:46, ecs/web/7ca9e86fe6674d9c91dbe1c3d3ddc57d
2025-12-23_07:50:56, ecs/web/b1a859af1f80456c847a40237e5aa333
2025-12-23_07:02:50, ecs/web/37790cc225f545c0a4f8636ceb7cbde7
2025-12-23_06:30:30, ecs/web/68d770e20ff84165a93beea004fe3826
2025-12-23_05:29:16, ecs/web/8992bffb565143778fe16f0fa0463122
2025-12-23_05:07:08, ecs/web/5e70ae2ca9244351bd00fffe8880d679
2025-12-23_04:22:29, ecs/web/2e3e46cb35844c609d7f8307b49f966e
2025-12-23_03:28:14, ecs/web/5b63b9ec458f4e43a1612bd02b4744ea
2025-12-23_02:54:00, ecs/web/309f66dcc65a4fb4bc50b974c3674135
2025-12-23_01:53:14, ecs/web/c514af04c971426abf248de045741f25
2025-12-23_01:18:03, ecs/web/816faad56b504301bf2801c2692ed4a5
2025-12-23_00:27:19, ecs/web/4746f483484f472bb80c2525093caea7
2025-12-22_23:44:35, ecs/web/5b15f3e588354523a948f5fce61f2c2d
2025-12-22_23:15:18, ecs/web/23270ec0559344f2a912a1b796736e0a
2025-12-22_22:09:49, ecs/web/1f75e2a3dce948c198b0b1a745b1a1fb
2025-12-22_21:06:10, ecs/web/575ab86a77e64757b378aad3fb4f0473
2025-12-22_20:42:41, ecs/web/b0b5e99cc4684b318d4076a32fac5fcb
2025-12-22_19:53:10, ecs/web/6f2ec01be9e64916918d34d4e4715ab1
2025-12-22_18:54:30, ecs/web/9033bd7d39a74d30bcfe752e92364de6
2025-12-22_18:04:19, ecs/web/a00016d4221e4453969cf9a2720a8b7f
2025-12-22_17:39:15, ecs/web/709501cde14a43bb9145eb11d6474bbc
2025-12-22_17:05:19, ecs/web/87fea921ae154f04927244a047074710
2025-12-22_16:39:19, ecs/web/81ebac04d9624fee89b0e408ee908a22
2025-12-22_16:12:40, ecs/web/658901b4279f47f18c1e31b6212f306f
2025-12-22_15:05:51, ecs/web/b0aed8dfa7d14aedacecc3265305e266
2025-12-22_14:38:59, ecs/web/eef74ee2b8474d91abddbd5b2224f55e
2025-12-22_14:14:41, ecs/web/ed3fb814611842c29fa89a0cf59df419
2025-12-22_13:29:17, ecs/web/56dd1ce4d91846efb0e6de3927ebc294
2025-12-22_12:10:54, ecs/web/32c4ed28c0b44a6ca2167915c6c78f8f
2025-12-22_11:35:22, ecs/web/c9fad805a088468784bb1bfede0e03c5
2025-12-22_10:25:57, ecs/web/317501d2f1e9480689c45b3ad98a83ec
2025-12-22_10:02:13, ecs/web/4ec7a48648b7451bab34b1037f7d51cc
2025-12-22_08:50:21, ecs/web/183d67eeb0154a3bbd65e08695ce47bc
2025-12-22_08:09:40, ecs/web/604ef5dc69e34a958b78e78f7343d652
2025-12-22_07:16:37, ecs/web/28a6e006e96f4b81a6b9387e5e3f7aae
2025-12-22_06:45:11, ecs/web/47f4523b6d994d5ab576baf5fc170211
2025-12-22_06:24:30, ecs/web/cf68e6e703d2447a87f23a345b35dad3
2025-12-22_05:16:59, ecs/web/f7b3eebe8c754c9b945269c9e1155b88
2025-12-22_04:51:34, ecs/web/ee584d3e9d8040ddbe4e7154fe492407
2025-12-22_03:56:44, ecs/web/fac7de1bf5424facb15e11ebc851790b
2025-12-22_03:33:01, ecs/web/c6abcfef5eca45d3ad0e48a62b2c4231
2025-12-22_02:53:25, ecs/web/43c356acb5564e03a7098897abdb904c
2025-12-22_02:16:11, ecs/web/ce6030e3c61142fa8a561d3ee9c40204
2025-12-22_01:29:46, ecs/web/917e1223ff114df988f4405807206965
2025-12-22_00:17:37, ecs/web/a5ddecde61a242478af4bc507111389f
2025-12-21_23:50:48, ecs/web/4befe8c2d1b44ac6be063baf101ea5eb
2025-12-21_23:21:29, ecs/web/3943396b9d48449e9f475a2856f8958d
2025-12-21_23:04:37, ecs/web/40ff886c21ad41ea9f75175b9d2b4a0f
2025-12-21_22:54:41, ecs/web/d7b2613156f24ab291e937c2375f30d0
2025-12-21_22:51:33, ecs/web/362af9f6f42d46ca9ec24f2e50de3cae
2025-12-21_22:24:32, ecs/web/237c13efb4f940bd9091377162a8498c
2025-12-21_21:24:44, ecs/web/74f86885fa374fe5865ff3e9d82445b7
2025-12-21_20:18:09, ecs/web/d0b471017d474962b30f3c21c6b325fa
2025-12-21_19:54:30, ecs/web/774b3a79124847f7a2686009b5fcdb00
2025-12-21_18:53:07, ecs/web/f343249735294ea2beaa615ef6ccf28c
2025-12-21_18:12:16, ecs/web/0baade9f60ed4b16b45f34dd7bca2557
2025-12-21_17:06:53, ecs/web/40fe7117a15e4f858abd6b1b01ace8cb
2025-12-21_16:40:59, ecs/web/7f0def939a474dd39b7e7345d9542a66
2025-12-21_15:44:57, ecs/web/146719cc7a7e4eac98273367b16c5912
2025-12-21_15:12:34, ecs/web/db9d2cb310354100b45e8e37b4f8be96
2025-12-21_14:42:20, ecs/web/4c8f02107cdc41ce915b7c745cfda504
2025-12-21_14:00:34, ecs/web/5372d19462554f2e9f7f20073905a69d
2025-12-21_12:54:16, ecs/web/bd7b5225ce964a12b73ae968e92db318
2025-12-21_12:24:17, ecs/web/d5d7e060ff5e4f7da05b5c15cffc89c6
2025-12-21_11:55:08, ecs/web/309cf30635c3442395e24d3944207986
2025-12-21_11:13:27, ecs/web/e6c113e1ffc34110965740f5e50f9d13
2025-12-21_10:32:13, ecs/web/44f1b522afb54b8a94e454e4f0d2e172
2025-12-21_10:16:23, ecs/web/d8f89a5c3b2c44dcb1b1886bf56abad8
2025-12-21_09:30:59, ecs/web/a1014d6b4a7d4cad942f820002728dbd
2025-12-21_08:49:57, ecs/web/adaeca6b4f7f4dd6839e2a77b99218f4
2025-12-21_08:26:29, ecs/web/c8cbaa42506b41dea94bccbb03b1403f
2025-12-21_07:25:45, ecs/web/76220f2ec056426da6fc5f74c6b27900
2025-12-21_06:56:27, ecs/web/a6cac0dfbd0f4ccbb66f55215611798f
2025-12-21_06:27:46, ecs/web/d9a51d4d98b04a8db2804598ec3ea8de
2025-12-21_05:55:11, ecs/web/e2bb70b4cd7a4268a1a8265e635ec413
2025-12-21_05:29:17, ecs/web/3bd50372030449ad8d31ad7c872f4078
2025-12-21_04:25:56, ecs/web/4e65834f9ac742e0849d82512ff42c90
2025-12-21_03:44:05, ecs/web/bc1dced6cd4c41ec967c28cd8b121be4
2025-12-21_02:42:37, ecs/web/9886bbab3c014be5b8ba6ce4b063abc8
2025-12-21_02:09:49, ecs/web/fc0926b1807147d59bc7c5b09efb216a
2025-12-21_01:40:42, ecs/web/1505abb7f52d43eebf57655a4d5d4668
2025-12-21_01:16:47, ecs/web/0e2dcfdd988d4a8f99a2f8ccde5e5fa0
2025-12-21_00:31:09, ecs/web/40a6be6f0e1947e79c85afbda9434be5
2025-12-20_23:22:08, ecs/web/cba17b29dc9c4496a4a5fc088f806388
2025-12-20_22:40:46, ecs/web/8c2a91bb335f49e88f80c9933c3d6e55
2025-12-20_21:57:56, ecs/web/c2baa5f039d04f518220f89e686128b6
2025-12-20_20:50:53, ecs/web/24f5cadd913846caa660da45ca58e13c
2025-12-20_20:21:57, ecs/web/60026db68df14e07ab203292d788ae1b
2025-12-20_19:49:45, ecs/web/aa5661b8d4544da08c16c7c04b5df622
2025-12-20_18:46:46, ecs/web/c88fe6d8b6f1469c9d0817d7446af966
2025-12-20_18:19:05, ecs/web/ded16abdab9949b79574cee50347f6a3
2025-12-20_17:42:31, ecs/web/2909dcb7ce4a4b508ec0ffb6fe6b7728
2025-12-20_16:40:14, ecs/web/65fae7ce77c84f4d95be5deaee9d3544
2025-12-20_15:37:53, ecs/web/c0d63a5fcb7a4fbc96780b39f2a55a14
2025-12-20_15:01:01, ecs/web/2a9c546888c3479c8a38096182f5ace8
2025-12-20_14:17:15, ecs/web/718fd2b908a54efbb0953a1798575d41
2025-12-20_13:48:12, ecs/web/ff158f55a19946a594d613980de6564a
2025-12-20_13:10:23, ecs/web/4a37cc4dca4f45b1908a46bf5fcb30a7
2025-12-20_12:34:34, ecs/web/1d4f58a7bc714c2c8d63a7fe7391b180
2025-12-20_11:51:23, ecs/web/28781f96ecd840e58e4e6fdfdb25c10a
2025-12-20_11:08:05, ecs/web/20198c82da5c41b0bc4878d4d12493c8
2025-12-20_10:34:20, ecs/web/8cdfa6fc196149a28e0183637fe22a54
2025-12-20_09:32:27, ecs/web/623eb8d48b06444797746a8ed92feaf9
2025-12-20_09:03:46, ecs/web/7e98806ac8cf4856b0423935d60af548
2025-12-20_07:58:21, ecs/web/3ecbe69504544cd68ffcb645525bcedd
2025-12-20_07:37:19, ecs/web/acc6c4f85e394aff8bdcc1f7ad8fa526
2025-12-20_07:08:56, ecs/web/75dfd69231c846569d2c8db999624c26
2025-12-20_06:27:20, ecs/web/054799c809f04e60925587e035c0683e
2025-12-20_05:40:06, ecs/web/cdb1747904ad4513951f400587eeca37
2025-12-20_05:09:44, ecs/web/51d11397bf224d6396070a3c58e2314a
2025-12-20_04:31:41, ecs/web/a5dae8abbf994eb4995a146036530c30
2025-12-20_04:05:25, ecs/web/0f440da87bdd461f887fe1617778cabb
2025-12-20_03:35:29, ecs/web/a34b9215a6ca427cb756df1eaf3d4fd1
2025-12-20_02:34:24, ecs/web/0c0001c282de4b84bb3114b3acc07fc3
2025-12-20_01:21:38, ecs/web/6ef5712f69344a51accc683705f825be
2025-12-20_00:38:24, ecs/web/867d8e2e17f34000b9408bded79c88ca
2025-12-19_23:40:05, ecs/web/02c591ed946f411c8e85b8de0cfe714c
2025-12-19_23:05:47, ecs/web/5dd67aa381474c2abe83988e7579da8c
2025-12-19_22:36:44, ecs/web/d5e2e366e8e343eb94442fd35ff1a73a
2025-12-19_22:05:51, ecs/web/59fdbe007e9f4122b0e98bc87a1daec5
2025-12-19_20:55:45, ecs/web/38fdfb719a68415b893ecf6c7546da54
2025-12-19_20:34:35, ecs/web/ead42c6713a24df096d8bef961294399
2025-12-19_20:03:21, ecs/web/cacca4be1fa041358d64bf0cc70dee86
2025-12-19_19:38:44, ecs/web/69186461c95640ae9d8e9102cace6e2d
2025-12-19_18:45:45, ecs/web/222c3e1da7104a1aaa8c560f2ce9a81d
2025-12-19_18:07:44, ecs/web/8e3e626616fe4807919f026648b6235d
2025-12-19_17:41:21, ecs/web/a178d1341e6a4c50a8bf7d0eb83c9662
2025-12-19_16:59:15, ecs/web/a2fd93e4e8674a5ab6771d18dd93a868
2025-12-19_16:27:42, ecs/web/be488f09c7084da0af530280b0733e59
2025-12-19_15:59:19, ecs/web/37bfbe5d262c4e7ea83f13fc98ac0252
2025-12-19_15:34:14, ecs/web/fb72668d2ce44983b4c11435e4a53c77
2025-12-19_14:40:01, ecs/web/0e6cbfc9434c44f3a0aed6767cc2c41e
2025-12-19_14:11:45, ecs/web/d4578c9f305b4fd8a16023b24ae6facd
2025-12-19_13:29:46, ecs/web/fa1cf6bbbe664fbc902b2926ddf107ef
2025-12-19_12:48:36, ecs/web/7c5b1fbc5e72488fb107a3cc2f78721c
2025-12-19_12:24:46, ecs/web/9063131f852e4a209ff26b77ac4d8b08
2025-12-19_11:50:49, ecs/web/fcbfa30fd75b4dcea017e6c9fafd8729
2025-12-19_11:28:19, ecs/web/17269e0ed7fc401f95af6678edf1c5d6
2025-12-19_10:32:34, ecs/web/c8fb90b411c5434480bafcd0846ec45f
2025-12-19_09:50:05, ecs/web/366a88a68f294601bdfe5d6b4da340ca
2025-12-19_08:45:16, ecs/web/1c489a930d87423684850bd747ede014
2025-12-19_07:55:58, ecs/web/4d978deacf4946919a3089b4093cd19f
2025-12-19_07:33:44, ecs/web/9ecfc6ad895940369a1808c4d7893f49
2025-12-19_06:59:14, ecs/web/bdfa6a3e41674be69fbe076995b2d69e
2025-12-19_06:31:03, ecs/web/6fbb8388f67e42a3a62276f09b742505
2025-12-19_05:49:37, ecs/web/3c5884e61b73406ca1e51b4c3214f960
2025-12-19_04:47:54, ecs/web/d6fbd872f4e6462abc7f4cda074eb3d1
2025-12-19_04:20:54, ecs/web/f28990d47f8742b29f5ae7f893d841fc
2025-12-19_03:44:16, ecs/web/59b7059d0e3146e895a942075f9e74da
2025-12-19_03:23:43, ecs/web/a4b398ea143e494f858a3ea55489d0dc
2025-12-19_02:49:24, ecs/web/327a150f376e4d598d78e6a4bba7240f
2025-12-19_01:46:59, ecs/web/228cd387941c45a7b5e1fcf926ebf274
2025-12-19_01:10:43, ecs/web/8b20447c931a409dbf56d0f81be28706
2025-12-19_00:07:56, ecs/web/69145c9122c044aaa1a40c0ed77d6cde
2025-12-18_23:25:46, ecs/web/122ddbc259604172b8cd50fd872eb8f5
2025-12-18_22:58:31, ecs/web/fce60438780649b9b51a34efb042df1d
2025-12-18_22:20:10, ecs/web/e332078b79604fed86b80fb9ed4ec334
2025-12-18_21:16:03, ecs/web/e83b0ab37e0a46688f66059bf7c100c9
2025-12-18_20:52:10, ecs/web/968bbba696ff4905b00000b0d008a6aa
2025-12-18_20:29:08, ecs/web/6a5360bf5f154e84b08f91f5b964fa9e
2025-12-18_20:07:49, ecs/web/222536c3bbd34c82ae38e26a390a9ede
2025-12-18_19:40:19, ecs/web/0bfa5d0bd5354f27ab311ea52d3b8b2d
2025-12-18_18:59:33, ecs/web/2631c2b0fdb14f7e8b52886a21230295
2025-12-18_17:57:03, ecs/web/b80f0ba73c424f30820e51a16a03881f
2025-12-18_16:57:19, ecs/web/bd922e8c02ee416cb4b5a2355ebf2598
2025-12-18_15:56:40, ecs/web/473436b6770d450ea9f62a3d19d0b540
2025-12-18_15:18:06, ecs/web/af9d39de2325417aa11d335c942a268e
2025-12-18_14:47:30, ecs/web/959d87b95b59406dab3b3b2e86be2433
2025-12-18_13:53:00, ecs/web/6c9021dc310b43cf9948a1fcedd6e3d0
2025-12-18_13:23:46, ecs/web/e947fd53b15a4fb9bb94e223baff0ca7
2025-12-18_12:41:10, ecs/web/2ff5469c218b46fd899fa6c4a680a4a3
2025-12-18_11:16:59, ecs/web/3ca7216ed742421196acb160515734d7
2025-12-18_10:48:55, ecs/web/60d7acbd120c4c029473bb42d4c88369
2025-12-18_10:14:38, ecs/web/b429a81738de4fc499fe76c65ed5a05c
2025-12-18_09:46:39, ecs/web/b5d3422a24e14e68b4e4641dcfbabf3a
2025-12-18_09:21:15, ecs/web/29f48218cfc04fd09fe0f0b96b2e558c
2025-12-18_08:36:42, ecs/web/8365526a9a96487ea801440e07bf0d3b
2025-12-18_07:59:56, ecs/web/3750a7c989c64fc8b28978d35bbbcf5d
2025-12-18_07:20:20, ecs/web/369f588d54394c4084047f82bedc5318
2025-12-18_06:52:58, ecs/web/d18a6bd7fea14e9da01f116c610f7f69
2025-12-18_05:51:07, ecs/web/6a4a5ec6eb954d0fa1766cc3fa0c7c29
2025-12-18_05:30:37, ecs/web/d1f503041ed34f579f5d70c998689bb9
2025-12-18_04:44:00, ecs/web/f3ef49aca03f4948b68fbc7d5e9eaadc
2025-12-18_04:17:45, ecs/web/9716785f70c24e42b6720eafab5d254a
2025-12-18_03:46:46, ecs/web/0d8eaa49346e47e09f5d5c6cca9d1984
2025-12-18_02:37:42, ecs/web/85d7b4685f3c4303b2370381e7ef0941
2025-12-18_01:42:21, ecs/web/c6694a4ac40f43f6b58dd9d9ba435dc5
2025-12-18_00:53:10, ecs/web/b6f80220ea244119a6b6f4f0e9c18fd3
2025-12-18_00:25:42, ecs/web/3fbddaf5254940bf9e6767855e9145ce
2025-12-17_23:31:50, ecs/web/960ff5be04d544efadf754a79c31d35e
2025-12-17_23:26:25, ecs/web/be1794fb427049be83fad1f0cf58f079
2025-12-17_22:26:22, ecs/web/409570b500a4468f9a3f3aa5af422499
2025-12-17_21:25:22, ecs/web/7e80510360d6482a931dbd7ea2cefa5c
2025-12-17_20:43:40, ecs/web/060084a502f54a6fb760227343da02d2
2025-12-17_20:16:32, ecs/web/aebb1a606ab24c5bb68edf9b4d91a5c4
2025-12-17_19:53:25, ecs/web/50305914449c45929ed00af62e77d471
2025-12-17_18:58:38, ecs/web/5f7672aa267f4ec9b0b24e725530d2f4
2025-12-17_18:27:33, ecs/web/ed08c341c5f24bebb1a2f0ee2cb8f9f2
2025-12-17_17:21:52, ecs/web/ae48c0abd9d2432e806f20f8f399546e
2025-12-17_16:30:18, ecs/web/ebf13e37a86142389d4132623ceb5383
2025-12-17_15:44:09, ecs/web/e1f3b1a21234401a90f0e56f30f94b30
2025-12-17_14:40:57, ecs/web/6f5c75be039a4defaecff8949a79bb06
2025-12-17_14:14:12, ecs/web/750c09fbdf674a9b8e83ba5107ee71be
2025-12-17_13:39:11, ecs/web/c4146b29f41d4f33860013cdec789e89
2025-12-17_12:46:52, ecs/web/3cd027c54ee04e81b0ac6791de87a1f9
2025-12-17_12:14:19, ecs/web/85eba9cceff947b59e924ac0e7649756
2025-12-17_11:18:38, ecs/web/eef21b0d34064a868ba8196b17059a2b
2025-12-17_10:38:05, ecs/web/6a4ed4d3ca0d471c9538e02371941711
2025-12-17_09:30:36, ecs/web/bce4033095c8486c9c12fd67590fd84a
2025-12-17_08:20:14, ecs/web/e017834bceba4f4cb4f0e6553c85d63d
2025-12-17_07:26:39, ecs/web/97c6bb165b134b5ebfb91c83af7911fa
2025-12-17_07:04:18, ecs/web/b42a5e3f15fc49f68c40e542db0b5f4b
2025-12-17_06:25:54, ecs/web/a7339a78a6b3426e94a7b1927a021e05
2025-12-17_05:58:23, ecs/web/b8cb6ec0242740e383b67efe14989f5e
2025-12-17_05:29:57, ecs/web/d813d30211ac4786b05a7c49c256e755
2025-12-17_04:21:58, ecs/web/3e1f5c0f659b49719f6b19785e1d6494
2025-12-17_03:41:22, ecs/web/9d1577eef60e457b9855fdd0f2aad846
2025-12-17_02:42:47, ecs/web/0fb38b4df51e4178b81a9d1c07f2f8fc
2025-12-17_01:42:40, ecs/web/2b64511bba104dc9b9fcf336f45a8ecc
2025-12-17_00:58:50, ecs/web/616b1251403a4f7cbbae9159b4a91764
2025-12-17_00:02:06, ecs/web/2dd5d0f6e34a44f1ba06e46814b53283
2025-12-16_23:13:58, ecs/web/85dc40a3fb444397991e9a95a1e7a92d
2025-12-16_22:45:34, ecs/web/02e8695b72ae43bb9f645859443f9c1a
2025-12-16_22:22:00, ecs/web/9393da67fd0845ec966a7ffbd8a95816
2025-12-16_21:20:57, ecs/web/c52821b1ef3042709472fbb3592c3766
2025-12-16_20:39:53, ecs/web/76d06282d1d641e3ace0ac111d874e6f
2025-12-16_19:57:01, ecs/web/32d95e5e08044685996203629e8d55d8
2025-12-16_19:17:49, ecs/web/03ce2d494f464cbba32290dbb69991a7
2025-12-16_18:55:07, ecs/web/98a77f8bfa4644ad8084c0e7a07c5b77
2025-12-16_18:25:18, ecs/web/2be5b29f4ee04d5e8a27e023fa427628
2025-12-16_17:21:08, ecs/web/af10bf142c23480a93d42a26109b1def
2025-12-16_16:46:49, ecs/web/451cd9f4c4b44763b16e214bbf153df8
2025-12-16_16:03:34, ecs/web/fcfc330202214cc8ab3ba929d5d25e39
2025-12-16_15:01:07, ecs/web/84940ccb6aa24d139566e3f74cdac34a
2025-12-16_14:33:39, ecs/web/4d90073085d346d5b72954b483d1ddc6
2025-12-16_14:01:38, ecs/web/0fbdc91c721c4431b8a2cee756fe81ef
2025-12-16_13:22:12, ecs/web/387db6e42f4e420aaac4b4d558d6eb34
2025-12-16_12:08:24, ecs/web/9520429375c14ff6bda71ff81b213c16
2025-12-16_11:04:12, ecs/web/c69071de6be544a69e1b87330d21d6b8
2025-12-16_10:27:36, ecs/web/c98af36523934ef396636013e99680ae
2025-12-16_09:57:44, ecs/web/d6fe05483db947e98c480da1664d0784
2025-12-16_08:58:09, ecs/web/32269cad1e9c41be971b262f10991c1f
2025-12-16_08:09:10, ecs/web/947dd0880a9a408b9fd245315358791a
2025-12-16_07:07:35, ecs/web/064d65ff9e114015823de747b50f631c
2025-12-16_06:25:20, ecs/web/d9c34cb9e05842548cd72200a326c59f
2025-12-16_05:24:49, ecs/web/3e9bb6ba138a49f188f174ba6b619eb2
2025-12-16_04:58:47, ecs/web/d16e96cc0d0a40b4b8b5e05fa74a5e96
2025-12-16_04:13:49, ecs/web/b0d3274d4745479b98753258408d928f
2025-12-16_03:47:21, ecs/web/722f4c30fdc6431cae2719ba3151081d
2025-12-16_03:24:29, ecs/web/da805bbac7ed458a85751b3e7f8c6f8f
2025-12-16_02:42:20, ecs/web/c35bcd4a29384be39da44deb68da8bbe
2025-12-16_02:14:34, ecs/web/fdb143251fe64dcba8e9a99e71cf637d
2025-12-16_01:56:46, ecs/web/f30d749990f24398a261470a68ed0b8f
2025-12-16_01:03:09, ecs/web/fdf07564a9f948249f86d1b50dc95652
2025-12-16_00:01:43, ecs/web/f6706e0cf549415da9dd15c414415180
2025-12-15_23:19:01, ecs/web/e1f3451a51a04421925195bb7d750e42
2025-12-15_22:55:31, ecs/web/81991b6831d74fe3b52573bd3d79fa0e
2025-12-15_21:52:34, ecs/web/c94e7a7b18074919a16e69f291c99c6f
2025-12-15_20:41:42, ecs/web/06435cd2e0ba4347a3a86f4ba0ad6041
2025-12-15_19:51:57, ecs/web/82f5fcff80c14af1aca33f9b88ac43ca
2025-12-15_19:08:17, ecs/web/d156163577374f52a7f8b3777e69301f
2025-12-15_17:53:28, ecs/web/59892356ba064b97b191847015ce0c8a
2025-12-15_16:50:39, ecs/web/e2a31c02980944f896ede3cbd4e3382d
2025-12-15_16:02:48, ecs/web/9e50b00da7d04625be07f86ee98d5e00
2025-12-15_14:53:34, ecs/web/dd516ffc595549288ee7ed23c8da4b58
2025-12-15_14:28:03, ecs/web/64aa443ae107439c8a0b0c97efe25537
2025-12-15_13:50:34, ecs/web/c42012fde9c34f7c9be2ed01e8c4a6e4
2025-12-15_13:30:33, ecs/web/2edb8897333544dbb385b8671e67ec08
2025-12-15_13:01:37, ecs/web/58e380c0f932454fa0f9841101573c70
2025-12-15_12:11:38, ecs/web/f67d5f4af5384de9888af959a01946af
2025-12-15_11:48:20, ecs/web/e3ab81a617894f5182e0764d9077c9d6
2025-12-15_11:10:46, ecs/web/e32dde09f8544790acd41328bc2c533d
2025-12-15_10:17:21, ecs/web/6efcfca0f3fe42dbb8f1e4c09682e11b
2025-12-15_09:22:06, ecs/web/263e4b9275b04f14a3c0ad208106471c
2025-12-15_08:20:58, ecs/web/12bf296176fe40b98984c11efde27cde
2025-12-15_07:50:13, ecs/web/35fc1fb47e7e4fceb3b8d894a23e99d9
2025-12-15_06:43:46, ecs/web/58147c68d33d457b8f21a22d7f8ef1c8
2025-12-15_06:08:25, ecs/web/6c702d05abe9407d87e2b66c3344fbed
2025-12-15_05:05:12, ecs/web/2035666aa35c4a6e993a55c29a724502
2025-12-15_04:05:18, ecs/web/a3b700e85d7c4c6c85420a8c41932d98
2025-12-15_03:27:00, ecs/web/9dc1f226d2f444c5aa4d13af772ac62e
2025-12-15_02:23:59, ecs/web/f8c39ded091848d1a1cc65dd3bfc05a1
2025-12-15_01:20:57, ecs/web/4863ab3993464524a5ed31ddb04f3c7a
2025-12-15_00:39:41, ecs/web/d6bd94a1bc9f42e18394471d1a2da2b4
2025-12-15_00:04:44, ecs/web/8f75778e772b4341a1b58cbb4079b710
2025-12-14_23:35:41, ecs/web/0d85e653c774441cb66789cb175b8a95
2025-12-14_22:27:48, ecs/web/75fc3bd618de42dcbee6772411272a17
2025-12-14_21:58:46, ecs/web/3e891949d30c40b0a8dceaa9a44cb018
2025-12-14_21:26:44, ecs/web/fca9312129a1480c90ca09bf6f54d1da
2025-12-14_20:55:41, ecs/web/ee7cf038a75549809cb992866b49f1ea
2025-12-14_20:25:36, ecs/web/54b6258e633043bba157c2e9e4b49366
2025-12-14_20:01:15, ecs/web/49b5c015f9b44e75977a8ddf19b565e5
2025-12-14_18:54:32, ecs/web/baaf8d25d87c466987d92209636cbd56
2025-12-14_18:08:36, ecs/web/8aaf181c74a546f4ac7bdd4eb23cd243
2025-12-14_17:23:22, ecs/web/03dece258b3049c8b9391667efb9aa36
2025-12-14_16:19:37, ecs/web/ba53091f8ab64714854f57b52ea67ccc
2025-12-14_15:19:08, ecs/web/340b5e9e15fe48cdbbd6e3d36c044224
2025-12-14_14:52:42, ecs/web/66d468840f8c43b482453762834d985a
2025-12-14_13:46:35, ecs/web/f31f39ce475f4142abc62c56990238bf
2025-12-14_12:47:11, ecs/web/391854ae025d442fa6615127ab90bdec
2025-12-14_11:43:39, ecs/web/5ba6e6e4864c4dafabfdc39dc1f58b90
2025-12-14_11:15:11, ecs/web/f89b2c2b6d414f2ca8ab4eed82bf800b
2025-12-14_10:03:26, ecs/web/7a593def790e4f06b071bd74754303eb
2025-12-14_09:37:18, ecs/web/5ed97f7bc53949b9955290ca7b2372c1
2025-12-14_09:12:21, ecs/web/7e3490fab60748579922313fd34be2ea
2025-12-14_08:05:24, ecs/web/b73b4c43da58485d8b9778a98734b2e4
2025-12-14_07:08:25, ecs/web/563a66451b214e5996d22b807ccf5464
2025-12-14_06:05:22, ecs/web/a4add8567a4743feabca53edb06d69ac
2025-12-14_05:26:13, ecs/web/340c7c88d6ce47ea9de6629fcb32b0ae
2025-12-14_04:46:53, ecs/web/b9da53d8ae6c43ce86b794350a0d021a
2025-12-14_04:22:04, ecs/web/2a4af3cf0bd5476bb39e0350831d6346
2025-12-14_03:39:03, ecs/web/916ccef2ea9245059af320eacb6431f9
2025-12-14_03:06:53, ecs/web/b59cccca759e42f19ddf1f389284df0e
2025-12-14_02:04:21, ecs/web/223552c8400c413e9902b7e22b5191f6
2025-12-14_01:24:11, ecs/web/2b66bfbb91c34e959d4939b4bdbf114c
2025-12-14_00:24:43, ecs/web/77089d9c50244f6e9c147a05e29eb4f6
2025-12-13_23:39:35, ecs/web/36be9ac876be4614b5eaf6e524c20ecb
2025-12-13_23:08:29, ecs/web/bf9ff62246f749e7af045824c597b0f7
2025-12-13_22:41:33, ecs/web/6ece10973ede494abcec78751da2af61
2025-12-13_22:06:54, ecs/web/51e383885ba04a00af73dd297ea91b28
2025-12-13_21:25:30, ecs/web/6ca8f2ea00794f2e8632f4ca5736f7e1
2025-12-13_20:53:08, ecs/web/c914aa5017cb44048be953cd2ed5a3af
2025-12-13_20:14:57, ecs/web/fc7c9610b9194a32bdbbfb2535df30c2
2025-12-13_19:30:46, ecs/web/29ca46cc1e2a40d1a7f9db4fd4d13cd9
2025-12-13_18:52:56, ecs/web/ccf14b710408448494b7972571a11fe1
2025-12-13_18:23:08, ecs/web/27e4f005a7d84152820972242fdd075d
2025-12-13_17:20:54, ecs/web/a264321d2de74815afc8eeca9136e434
2025-12-13_16:16:26, ecs/web/fff6f29d3d114d0c99fef0572b2802b2
2025-12-13_15:13:41, ecs/web/4479ff234913491e86fd4d6fcdb5dff9
2025-12-13_14:04:21, ecs/web/3b1c157ab3e64c9da17674cc08b83ab3
2025-12-13_13:40:40, ecs/web/4166456d0c2444f8a7f7f665692e192c
2025-12-13_13:12:51, ecs/web/f973b6ef21864f3ebfd2c9e215beb920
2025-12-13_12:06:12, ecs/web/815455295ab149df8582fb6c69c0b59e
2025-12-13_11:01:26, ecs/web/ff3c0256374c48028e86c3129c4e2a60
2025-12-13_10:26:24, ecs/web/e24f94f943254e8b9c2c0528d0ec3a42
2025-12-13_09:27:20, ecs/web/ab110fdaf7ed487fa0f060ab4ed9c70c
2025-12-13_08:57:36, ecs/web/55503cb3d62f49e6a83bd598e2f297f0
2025-12-13_08:38:21, ecs/web/c5d5bfd8a77649c6a6e83e5168bfcd22
2025-12-13_08:07:38, ecs/web/6cc9b6ab36c5407dadfee8b1160a32b7
2025-12-13_07:39:15, ecs/web/f331e126d7ab4df7ba8027745debdf33
2025-12-13_07:04:52, ecs/web/3bcf4c41dab64cd18b1e903094bbec6b
2025-12-13_06:02:35, ecs/web/eeae5d93a8154c639e66174c42cd2f39
2025-12-13_04:59:19, ecs/web/7c893e1bd8d54828910d00f3db3a6664
2025-12-13_03:56:39, ecs/web/fa2894d11a8c48f591b343da8e2274bc
2025-12-13_02:49:33, ecs/web/6060d27276764f4dbabe0277d0ba1683
2025-12-13_02:07:52, ecs/web/0387b2f3af254cc891b69628901f9dd5
2025-12-13_01:40:41, ecs/web/6d47d9605db34f2ca045998261f3f02f
2025-12-13_00:30:10, ecs/web/9e51b8f395f84f3f8fcc72da490faf02
2025-12-12_23:29:52, ecs/web/829bb5bcbbe24105b86053a912f3d589
2025-12-12_22:17:55, ecs/web/41d32047ec1d4e7995b95012d9c51011
2025-12-12_21:50:21, ecs/web/33cc417b8c584d8dbc5fcab6017b9864
2025-12-12_21:22:08, ecs/web/ba01f38ad3fd477bae5e64f3ec36f8b1
2025-12-12_20:53:27, ecs/web/ee1210ae72d6410bb873d2a232628a98
2025-12-12_20:23:44, ecs/web/fa3ce18e66a5408998be2d2d849da6b0
2025-12-12_19:48:57, ecs/web/c005b407371448cc8b83510d29e8f061
2025-12-12_18:57:33, ecs/web/8c4e933fa7b94bf69a7abf02de74b116
2025-12-12_18:28:26, ecs/web/bc65ffa2d0c44630a219e9e9524077f7
2025-12-12_17:26:23, ecs/web/223c6e8a77b94ed7b81d17d99b6c7590
2025-12-12_16:55:38, ecs/web/07cf63c9c27e48148617feb41910e164
2025-12-12_15:52:30, ecs/web/c7b68e981e2c4f879af4d47de42ab34f
2025-12-12_15:07:33, ecs/web/43a3ab53561c4e47bfe899d5f983fd22
2025-12-12_14:08:47, ecs/web/ae2c96a195de40e987ae37d231e5398e
2025-12-12_13:34:30, ecs/web/63156b8460174369b7a8b7058a402bc8
2025-12-12_13:02:39, ecs/web/23f76de49cb840199b6265bc89ffcb2b
2025-12-12_12:20:22, ecs/web/3142036a0eba4328ac1a56b4100f4182
2025-12-12_11:37:51, ecs/web/80d790e32ed941a6aa4e9d284ed80b80
2025-12-12_10:31:11, ecs/web/bed5a00ee0f14029a44c7fb03be1aa81
2025-12-12_09:49:39, ecs/web/d823cb8a8b9940728ec027262b8d0c78
2025-12-12_09:19:34, ecs/web/06fdf979ed2b452184e9091997f4eb82
2025-12-12_08:51:20, ecs/web/5fc901590f5843dd8142048e4af29782
2025-12-12_08:06:40, ecs/web/c7254d8a491a4052930e526ed18c7756
2025-12-12_07:34:22, ecs/web/c50ca74adc504ec59370c5799efab924
2025-12-12_07:06:07, ecs/web/0fb74ec26b8641eb95428f3453c833e6
2025-12-12_06:40:43, ecs/web/4180032678184c73b01cc964dc4ca21b
2025-12-12_06:00:59, ecs/web/4d7c302cb6d148c79f8706b79f6d12f0
2025-12-12_05:19:53, ecs/web/309640407f2a4e408aab1c8758e1a001
2025-12-12_04:16:19, ecs/web/e00907a94c354876b02463575f603656
2025-12-12_03:18:07, ecs/web/1f17e239049a4d6fbde58dac3f0636dd
2025-12-12_02:14:14, ecs/web/52379dc723d8492e8269542181559d09
2025-12-12_01:38:41, ecs/web/2fd1d5d3c0894bbda0060c3c8ab23d5b
2025-12-12_00:39:40, ecs/web/a8a081865e3a43a7a18c59fe8c5f8653
2025-12-11_23:53:45, ecs/web/97e19a5bbb7149feb49c687615a8fbe9
2025-12-11_23:23:19, ecs/web/b1cdae72ba194ac0be028e539ca2ba46
2025-12-10_20:49:59, ecs/web/92f85ace996b4b6c8b7bfad29616d025
2025-12-06_23:44:18, ecs/web/a4d2e6be05994b65ae61a899562d344c
2025-12-01_21:12:33, ecs/web/5270b1f07d2645db83255d705c8dbc80
